Item_Identifier,Item_Name
FDW12,Sunfeast Flour (Fresh)
FDC37,Parle Yeast (Classic)
FDN48,Aashirvaad Baking Powder (Rich)
FDR12,Maida Cookies (Artisanal)
FDT12,Sunfeast Baking Powder (High-Fibre)
FDI24,Maida Cake Mix (Classic)
FDV60,Sunfeast Bread (High-Fibre)
FDN60,Pillsbury Biscuits (Special)
FDW24,Gold Winner Biscuits (Premium)
FDW23,Sunfeast Cookies (Classic)
FDZ47,Gold Winner Flour (Special)
FDG24,Amul Bread (Premium)
FDO36,Pillsbury Flour (Premium)
FDN12,Maida Flour (High-Fibre)
FDL24,Maida Flour (Rich)
FDD36,Gold Winner Baking Powder (Whole Wheat)
FDZ12,Sunfeast Baking Powder (Classic)
FDQ24,Britannia Flour (Premium)
FDP48,Parle Yeast (Premium)
FDM36,Gold Winner Baking Powder (Special)
FDY36,Pillsbury Cake Mix (Fresh)
FDR48,Parle Flour (Premium)
FDP24,Aashirvaad Baking Powder (Classic)
FDL12,Pillsbury Baking Powder (Fresh)
FDZ59,Britannia Biscuits (High-Fibre)
FDU36,Parle Baking Powder (Rich)
FDW36,Sunfeast Yeast (Whole Wheat)
FDQ12,Maida Biscuits (Whole Wheat)
FDQ36,Gold Winner Biscuits (Fresh)
FDA47,Aashirvaad Bread (Fresh)
FDG60,Britannia Cake Mix (Classic)
FDA36,Parle Bread (Fresh)
FDF12,Parle Biscuits (Premium)
FDY60,Amul Cake Mix (Special)
FDF24,Britannia Cookies (Classic)
FDK24,Maida Baking Powder (Premium)
FDW48,Pillsbury Cookies (Fresh)
FDH48,Maida Biscuits (High-Fibre)
FDZ48,Sunfeast Flour (Classic)
FDG12,Gold Winner Yeast (Artisanal)
FDS12,Britannia Flour (High-Fibre)
FDJ48,Maida Cookies (Fresh)
FDZ60,Sunfeast Cake Mix (Artisanal)
FDQ48,Aashirvaad Baking Powder (Artisanal)
FDL36,Parle Cookies (Artisanal)
FDU24,Britannia Yeast (Whole Wheat)
FDL48,Gold Winner Cake Mix (Rich)
FDC60,Parle Flour (Special)
FDP60,Amul Yeast (Classic)
FDB49,Britannia Yeast (High-Fibre)
FDY48,Aashirvaad Cake Mix (Premium)
FDB36,Gold Winner Biscuits (Special)
FDX24,Maida Bread (Rich)
FDQ60,Amul Cookies (Premium)
FDT36,Pillsbury Cookies (Special)
FDU12,Aashirvaad Flour (Artisanal)
FDN24,Sunfeast Biscuits (High-Fibre)
FDH60,Sunfeast Cookies (Fresh)
FDK48,Gold Winner Cookies (Whole Wheat)
FDS48,Sunfeast Biscuits (Fresh)
FDY59,Amul Cookies (Rich)
FDA11,Britannia Biscuits (Artisanal)
FDB37,Amul Flour (Fresh)
FDK36,Aashirvaad Flour (Whole Wheat)
FDE24,Britannia Cookies (Whole Wheat)
FDM24,Gold Winner Bread (Classic)
FDR24,Aashirvaad Bread (Classic)
FDO24,Pillsbury Cookies (High-Fibre)
FDC48,Parle Biscuits (Artisanal)
FDT60,Parle Cookies (Fresh)
FDZ23,Maida Bread (Artisanal)
FDH12,Sunfeast Cookies (Whole Wheat)
FDA35,Pillsbury Flour (Whole Wheat)
FDR60,Amul Biscuits (Premium)
FDV36,Britannia Biscuits (Premium)
FDO60,Aashirvaad Yeast (Rich)
FDE36,Amul Yeast (Artisanal)
FDX48,Aashirvaad Flour (Premium)
FDX36,Maida Cake Mix (Rich)
FDJ36,Pillsbury Bread (Classic)
FDA23,Aashirvaad Yeast (Whole Wheat)
FDX60,Parle Biscuits (Rich)
FDW60,Maida Cake Mix (High-Fibre)
FDV48,Gold Winner Flour (Artisanal)
FDT24,Pillsbury Bread (Artisanal)
FDT48,Britannia Bread (High-Fibre)
FDR36,Gold Winner Cookies (Premium)
FDY11,Britannia Cake Mix (Artisanal)
FDZ36,Britannia Cake Mix (Premium)
FDB60,Britannia Bread (Special)
FDY12,Amul Flour (Artisanal)
FDB12,Aashirvaad Yeast (Classic)
FDY24,Pillsbury Cake Mix (Classic)
FDV12,Amul Baking Powder (Artisanal)
FDI60,Aashirvaad Bread (Special)
FDS24,Aashirvaad Cookies (High-Fibre)
FDS36,Gold Winner Baking Powder (Artisanal)
FDP36,Pillsbury Baking Powder (Classic)
FDX11,Sunfeast Baking Powder (Artisanal)
FDJ12,Britannia Baking Powder (Rich)
FDX23,Maida Flour (Classic)
FDM60,Pillsbury Yeast (Premium)
FDO48,Maida Biscuits (Premium)
FDO12,Britannia Bread (Fresh)
FDI48,Pillsbury Flour (High-Fibre)
FDS60,Sunfeast Yeast (Artisanal)
FDJ60,Britannia Yeast (Classic)
FDK60,Maida Flour (Fresh)
FDP12,Amul Cookies (Special)
FDA48,Aashirvaad Biscuits (Fresh)
FDI36,Aashirvaad Biscuits (Classic)
FDH24,Pillsbury Cookies (Artisanal)
FDI12,Sunfeast Biscuits (Whole Wheat)
FDX12,Aashirvaad Cake Mix (Fresh)
FDU60,Gold Winner Yeast (Premium)
FDM12,Aashirvaad Cake Mix (Artisanal)
FDU48,Britannia Biscuits (Classic)
FDV24,Britannia Bread (Premium)
FDD48,Maida Cake Mix (Fresh)
FDW35,Bector’s White Bread (Soft)
FDO11,Modern Pav (Freshly Baked)
FDS35,Bector’s Sandwich Bread (with Oats)
FDX59,Wibs Whole Wheat Bread (Loaf)
FDR23,Britannia Sandwich Bread (Soft)
FDO23,Harvest Gold White Bread (Loaf)
FDP23,Modern Ladi Pav (Enriched)
FDW11,Britannia Multigrain Bread (Soft)
FDY47,Britannia Pav (Loaf)
FDY35,Bector’s Bao (with Seeds)
FDP11,Bector’s White Bread (High Fiber)
FDQ23,Britannia Ladi Pav (High Fiber)
FDW59,Bector’s Bao (High Fiber)
FDX35,Harvest Gold Brown Bread (Soft)
FDU35,Modern Milk Bread (with Seeds)
FDX47,Theobroma Ladi Pav (with Oats)
FDR47,Theobroma Brown Bread (with Seeds)
FDR35,Theobroma Ladi Pav (Slice)
FDT11,Britannia Ladi Pav (with Seeds)
FDV23,Harvest Gold Ladi Pav (Freshly Baked)
FDU23,Kwality Pav (Soft)
FDN23,Harvest Gold Milk Bread (Soft)
FDQ11,Harvest Gold Milk Bread (Enriched)
FDT47,Britannia Whole Wheat Bread (Slice)
FDQ59,Kwality Milk Bread (Soft)
FDZ35,Wibs Sandwich Bread (with Seeds)
FDS47,Wibs Brown Bread (with Seeds)
FDS23,Harvest Gold Ladi Pav (Slice)
FDS11,Britannia Brown Bread (Soft)
FDW47,Modern Whole Wheat Bread (Slice)
FDP59,Kwality Milk Bread (with Seeds)
FDU11,Bector’s Sandwich Bread (Soft)
FDV47,Bector’s Brown Bread (Loaf)
FDU59,Modern White Bread (with Seeds)
FDS59,Bector’s Ladi Pav (with Seeds)
FDT59,Theobroma Ladi Pav (High Fiber)
FDR59,Theobroma Milk Bread (Enriched)
FDR11,Theobroma Bao (Loaf)
FDT23,Modern Whole Wheat Bread (Enriched)
FDV35,Theobroma White Bread (with Seeds)
FDV59,Wibs Brown Bread (Soft)
FDV11,Wibs Pav (Enriched)
FDQ47,Bector’s Ladi Pav (Soft)
FDU47,Britannia Sandwich Bread (Enriched)
FDT35,Kwality Bao (Loaf)
FDQ49,Gits Ragi Flakes (High Protein)
FDM25,Haldiram's Ragi Flakes (Quick Cook)
FDO01,Haldiram's Vermicelli (Classic)
FDO49,Maggi Upma Mix (Classic)
FDL13,Aashirvaad Poha Mix (Quick Cook)
FDK25,Maggi Instant Noodles (Classic)
FDN13,Pillsbury Ragi Flakes (Authentic)
FDO13,Aashirvaad Instant Noodles (Quick Cook)
FDN01,Gits Upma Mix (Spicy)
FDN25,Sunfeast Vermicelli (Authentic)
FDO37,MTR Instant Noodles (Homestyle)
FDP49,Pillsbury Instant Noodles (Classic)
FDM01,Gits Ragi Flakes (Healthy)
FDR37,Pillsbury Ragi Flakes (Classic)
FDQ37,Britannia Ragi Flakes (Healthy)
FDP37,Sunfeast Upma Mix (Spicy)
FDM13,Aashirvaad Vermicelli (Spicy)
FDN49,Aashirvaad Instant Noodles (Homestyle)
FDP01,Maggi Vermicelli (Spicy)
FDL25,Haldiram's Cereals (Authentic)
FDC14,Gits Papad (Sweet)
FDI26,Mother's Recipe Samosa (Rich)
FDY25,Ashoka Pickle (Sweet)
FDX49,Maggi Dal (Homestyle)
FDX25,Ashoka Pickle (Classic)
FDV13,Mother's Recipe Jam (Traditional)
FDM50,Ashoka Samosa (Traditional)
FDY49,MTR Papad (Traditional)
FDV37,Maggi Papad (Rich)
FDB38,Lijjat Chutney (Spicy)
FDP13,MTR Curry (Spicy)
FDE38,Ashoka Papad (Traditional)
FDW01,Maggi Curry (Homestyle)
FDZ01,Priya Foods Jam (Homestyle)
FDV01,Lijjat Samosa (Classic)
FDU13,Lijjat Papad (Spicy)
FDW49,Maggi Dal (Traditional)
FDL38,Priya Foods Curry (Classic)
FDZ25,MTR Curry (Classic)
FDE50,Ashoka Vegetables (Traditional)
FDA49,Priya Foods Samosa (Sweet)
FDL02,Mother's Recipe Curry (Rich)
FDJ02,Ashoka Vegetables (Rich)
FDH26,Ashoka Jam (Homestyle)
FDW37,Maggi Jam (Homestyle)
FDS01,Ashoka Dal (Sweet)
FDD50,Mother's Recipe Samosa (Homestyle)
FDP25,Ashoka Curry (Rich)
FDM14,Priya Foods Papad (Homestyle)
FDO25,Priya Foods Curry (Spicy)
FDK02,Priya Foods Vegetables (Spicy)
FDQ25,Gits Dal (Traditional)
FDN02,Gits Papad (Rich)
FDC02,Lijjat Curry (Spicy)
FDU01,Priya Foods Papad (Traditional)
FDG02,Maggi Dal (Rich)
FDQ13,Ashoka Samosa (Rich)
FDH50,Ashoka Chutney (Homestyle)
FDU25,Lijjat Vegetables (Spicy)
FDP38,Mother's Recipe Curry (Sweet)
FDJ14,Gits Samosa (Rich)
FDL26,MTR Chutney (Rich)
FDW25,Gits Papad (Traditional)
FDO50,Priya Foods Samosa (Rich)
FDX37,Ashoka Papad (Sweet)
FDV49,Gits Dal (Homestyle)
FDW13,Maggi Papad (Classic)
FDD26,Ashoka Chutney (Rich)
FDG14,Mother's Recipe Chutney (Rich)
FDD38,MTR Papad (Sweet)
FDB14,Maggi Pickle (Traditional)
FDZ37,Maggi Samosa (Spicy)
FDS25,Maggi Vegetables (Sweet)
FDS13,Maggi Papad (Sweet)
FDF26,Lijjat Curry (Sweet)
FDR01,Maggi Chutney (Sweet)
FDB02,MTR Vegetables (Rich)
FDH02,Ashoka Pickle (Traditional)
FDY13,Maggi Samosa (Traditional)
FDE02,Lijjat Jam (Homestyle)
FDK26,Gits Vegetables (Traditional)
FDX01,Lijjat Chutney (Sweet)
FDA13,Lijjat Vegetables (Classic)
FDO38,Lijjat Chutney (Homestyle)
FDN38,Priya Foods Vegetables (Classic)
FDK38,Mother's Recipe Chutney (Classic)
FDI50,Maggi Chutney (Classic)
FDN50,Ashoka Dal (Homestyle)
FDT49,Gits Vegetables (Spicy)
FDR25,Gits Samosa (Classic)
FDT13,Maggi Samosa (Sweet)
FDC50,Mother's Recipe Curry (Homestyle)
FDZ49,Maggi Chutney (Spicy)
FDX13,Maggi Pickle (Classic)
FDH14,Ashoka Vegetables (Sweet)
FDB26,Ashoka Jam (Sweet)
FDV25,Maggi Jam (Classic)
FDI14,MTR Dal (Rich)
FDJ26,Maggi Vegetables (Classic)
FDG38,Lijjat Pickle (Spicy)
FDU37,Priya Foods Pickle (Sweet)
FDH38,Lijjat Vegetables (Rich)
FDF50,Priya Foods Vegetables (Traditional)
FDT37,Maggi Curry (Classic)
FDD14,MTR Pickle (Sweet)
FDY37,Priya Foods Chutney (Rich)
FDA01,Mother's Recipe Pickle (Sweet)
FDL50,Maggi Pickle (Rich)
FDR13,Gits Pickle (Sweet)
FDR49,Mother's Recipe Pickle (Traditional)
FDS37,Maggi Samosa (Classic)
FDT25,Maggi Pickle (Spicy)
FDS49,Gits Jam (Spicy)
FDK14,Mother's Recipe Curry (Traditional)
FDM38,Maggi Curry (Traditional)
FDK50,Ashoka Vegetables (Homestyle)
FDY01,MTR Samosa (Classic)
FDE14,Maggi Jam (Sweet)
FDC38,Lijjat Dal (Classic)
FDG50,Mother's Recipe Vegetables (Traditional)
FDG26,Gits Chutney (Traditional)
FDF38,Maggi Papad (Spicy)
FDD02,Gits Samosa (Traditional)
FDJ38,Lijjat Samosa (Rich)
FDE26,MTR Jam (Sweet)
FDA25,Priya Foods Chutney (Homestyle)
FDB50,MTR Chutney (Classic)
FDL14,MTR Chutney (Sweet)
FDC26,Maggi Vegetables (Rich)
FDI02,Ashoka Samosa (Classic)
FDM02,Maggi Vegetables (Spicy)
FDI38,Gits Papad (Homestyle)
FDZ13,Gits Curry (Rich)
FDA37,Priya Foods Dal (Homestyle)
FDT01,Priya Foods Dal (Traditional)
FDF14,Mother's Recipe Chutney (Sweet)
FDU49,Mother's Recipe Samosa (Traditional)
FDJ50,MTR Dal (Sweet)
FDQ01,MTR Pickle (Rich)
FDF02,Lijjat Pickle (Homestyle)
FDS02,Vita Dahi (Classic)
FDE40,Mother Dairy Chaas (Organica)
DRF27,Milma Chaas (Lite)
DRF15,Verka Buttermilk (Deluxe)
FDX26,Parag Butter (Lite)
FDU02,Parag Chaas (Pro)
DRH03,Mother Dairy Yogurt (Lite)
FDS26,Doodhsagar Yogurt (Supreme)
FDX14,Aavin Buttermilk (Fresh)
FDW50,Sudha Khoa (Pro)
FDA14,Dynamo Misti Doi (Deluxe)
FDA03,Sudha Ghee (Lite)
FDV02,Dynamo Khoa (Pro)
FDC04,Sudha Pudding (Organica)
FDU14,Parag Paneer (Gold)
FDZ38,Parag Cream (Pro)
FDA51,Aavin Shrikhand (Fresh)
DRF03,Gowardhan Curd (Pure)
FDW38,Sudha Dahi (Organica)
FDZ50,Parag Ghee (Supreme)
DRH51,Vita Malai (Pro)
FDD52,Gowardhan Paneer (Deluxe)
FDL39,Saras Cream (Classic)
FDW26,Dynamo Curd (Fresh)
FDA38,Dynamo Malai (Supreme)
FDF40,Sudha Yogurt (Classic)
FDU38,Vita Shrikhand (Classic)
FDV38,Nandini Lassi (Supreme)
FDA02,Sudha Dahi (Farm Fresh)
FDW02,Dynamo Cream (Pro)
FDA50,Anand Dahi (Supreme)
DRD15,Nandini Khoa (Deluxe)
DRJ39,Gowardhan Butter (Lite)
FDB04,Mother Dairy Curd (Organica)
FDY02,Nandini Chaas (Gold)
FDK03,Vita Chaas (Deluxe)
FDU26,Aavin Malai (Fresh)
FDT50,Vita Yogurt (Fresh)
FDD40,Dynamo Chaas (Fresh)
FDZ14,Vita Ghee (Fresh)
FDZ26,Parag Misti Doi (Gold)
DRG27,Nandini Cream (Gold)
DRH15,Verka Ghee (Pro)
FDI15,Milma Shrikhand (Classic)
FDB52,Mother Dairy Lassi (Organica)
FDA26,Nandini Khoa (Supreme)
DRH39,Parag Lassi (Pro)
FDE52,Amul Misti Doi (Farm Fresh)
FDZ15,Dynamo Paneer (Deluxe)
FDU50,Nandini Ghee (Deluxe)
DRG03,Sudha Misti Doi (Deluxe)
DRI03,Parag Cream (Farm Fresh)
DRE15,Vita Paneer (Pro)
FDD39,Anand Ghee (Supreme)
FDR14,Gowardhan Buttermilk (Deluxe)
FDB40,Nandini Malai (Lite)
FDD51,Mother Dairy Butter (Pro)
FDV26,Verka Ghee (Deluxe)
FDQ26,Anand Buttermilk (Deluxe)
FDT26,Aavin Butter (Farm Fresh)
FDE51,Doodhsagar Buttermilk (Classic)
FDZ02,Gowardhan Yogurt (Lite)
DRI39,Parag Malai (Gold)
FDC52,Saras Misti Doi (Farm Fresh)
FDK51,Saras Curd (Deluxe)
FDT14,Amul Malai (Fresh)
DRK39,Parag Chaas (Supreme)
FDD04,Gowardhan Shrikhand (Pro)
FDX50,Gowardhan Curd (Classic)
FDX38,Amul Paneer (Pro)
FDQ14,Amul Lassi (Fresh)
FDY38,Amul Misti Doi (Deluxe)
FDA15,Amul Malai (Lite)
FDB27,Milma Pudding (Farm Fresh)
FDB39,Gowardhan Dahi (Fresh)
FDY27,Doodhsagar Buttermilk (Fresh)
FDP26,Dynamo Chaas (Gold)
FDY26,Anand Dahi (Deluxe)
FDY15,Gowardhan Buttermilk (Organica)
FDZ27,Verka Khoa (Pure)
DRD27,Amul Curd (Lite)
DRI51,Anand Shrikhand (Supreme)
FDY50,Saras Buttermilk (Pro)
FDM39,Amul Cream (Organica)
FDC16,Milma Paneer (Classic)
FDJ15,Gowardhan Pudding (Fresh)
FDI27,Sudha Malai (Farm Fresh)
FDH27,Nandini Paneer (Pure)
FDR02,Milma Pudding (Gold)
FDC40,Vita Buttermilk (Classic)
FDJ03,Anand Lassi (Gold)
DRE27,Doodhsagar Shrikhand (Lite)
FDX02,Nandini Buttermilk (Pure)
FDB15,Aavin Buttermilk (Organica)
FDV50,Anand Chaas (Organica)
FDC51,Doodhsagar Ghee (Organica)
FDC03,Nandini Butter (Fresh)
FDV14,Dynamo Ghee (Farm Fresh)
FDB51,Dynamo Shrikhand (Classic)
FDS14,Anand Butter (Organica)
FDY14,Doodhsagar Ghee (Fresh)
FDF39,Anand Cream (Pure)
FDD03,Verka Pudding (Supreme)
FDC39,Saras Lassi (Lite)
FDL51,Sudha Butter (Pro)
FDB28,Verka Malai (Classic)
FDB03,Mother Dairy Khoa (Fresh)
DRJ51,Mother Dairy Ghee (Supreme)
FDX27,Doodhsagar Lassi (Gold)
DRG15,Gowardhan Chaas (Classic)
FDB16,Gowardhan Misti Doi (Farm Fresh)
FDR26,Sudha Cream (Deluxe)
DRE03,Doodhsagar Ghee (Pure)
DRF51,Nandini Pudding (Farm Fresh)
FDZ03,Vita Khoa (Gold)
FDS50,Doodhsagar Ghee (Deluxe)
FDW14,Mother Dairy Shrikhand (Deluxe)
DRG39,Verka Curd (Farm Fresh)
FDA27,Milma Curd (Supreme)
FDT02,Vita Buttermilk (Gold)
DRG51,Anand Pudding (Organica)
FDC15,Gowardhan Cream (Pure)
DRC27,Gowardhan Malai (Pure)
FDT38,Amul Curd (Pure)
FDE39,Milma Dahi (Lite)
FDY40,Haldiram's Samosa (Spicy)
FDU04,Haldiram's Naan (Spicy)
FDQ28,McCain Naan (Tandoori)
FDQ04,Mother Dairy Paratha (Masala)
FDC41,Sumo Peas (Ready to Cook)
FDH28,McCain Corn (Ready to Cook)
FDE53,Cargill Samosa (Ready to Cook)
FDE05,Haldiram's French Fries (Tandoori)
FDO52,Mother Dairy Corn (Spicy)
FDO04,Cargill Naan (Premium)
FDH40,McCain Paratha (Tandoori)
FDI41,Haldiram's Peas (Quick Heat)
FDJ40,Cargill French Fries (Ready to Cook)
FDN52,Cargill French Fries (Tandoori)
FDS52,Cargill Peas (Quick Heat)
FDY52,McCain Kebabs (Ready to Cook)
FDN04,ITC Master Chef Peas (Masala)
FDI04,McCain French Fries (Spicy)
FDA04,Cargill Paratha (Classic)
FDE16,ITC Master Chef Corn (Quick Heat)
FDF16,Sumo Kebabs (Ready to Cook)
FDD16,Gits Paratha (Quick Heat)
FDG29,ITC Master Chef Samosa (Masala)
FDA16,Gits Corn (Quick Heat)
FDG16,Mother Dairy French Fries (Ready to Cook)
FDZ40,Sumo French Fries (Classic)
FDC28,Sumo Corn (Tandoori)
FDD29,Sumo Corn (Masala)
FDH52,Mother Dairy Paratha (Premium)
FDM28,McCain French Fries (Tandoori)
FDE41,Sumo Kebabs (Quick Heat)
FDL52,Sumo Naan (Quick Heat)
FDG40,McCain Naan (Spicy)
FDS28,Mother Dairy Kebabs (Tandoori)
FDD05,Cargill Samosa (Tandoori)
FDL04,ITC Master Chef Corn (Premium)
FDZ52,Mother Dairy Paratha (Tandoori)
FDL16,Sumo French Fries (Masala)
FDI16,Sumo Corn (Quick Heat)
FDH17,Mother Dairy Peas (Masala)
FDL40,Sumo French Fries (Ready to Cook)
FDH05,ITC Master Chef Corn (Classic)
FDS16,Sumo Paratha (Quick Heat)
FDA28,McCain Naan (Premium)
FDX28,McCain Naan (Classic)
FDT16,Cargill Peas (Premium)
FDD41,Haldiram's Corn (Spicy)
FDJ28,Gits Paratha (Ready to Cook)
FDK41,Cargill Paratha (Spicy)
FDT40,Gits Naan (Masala)
FDE28,McCain Kebabs (Masala)
FDY16,ITC Master Chef Peas (Premium)
FDP52,Sumo Kebabs (Tandoori)
FDF52,ITC Master Chef Kebabs (Quick Heat)
FDD53,Cargill Corn (Ready to Cook)
FDG17,Mother Dairy Paratha (Quick Heat)
FDQ52,Cargill Paratha (Masala)
FDG05,Cargill Samosa (Spicy)
FDF05,Sumo Peas (Tandoori)
FDG04,McCain Corn (Tandoori)
FDP40,Gits Corn (Classic)
FDZ16,Gits Peas (Tandoori)
FDQ40,Haldiram's French Fries (Classic)
FDB17,Mother Dairy Peas (Spicy)
FDB05,Haldiram's French Fries (Ready to Cook)
FDX04,Sumo Paratha (Classic)
FDP04,McCain Samosa (Masala)
FDK04,Mother Dairy Naan (Masala)
FDU52,Sumo Peas (Quick Heat)
FDF29,ITC Master Chef French Fries (Spicy)
FDY04,Haldiram's Samosa (Tandoori)
FDC29,Mother Dairy Kebabs (Ready to Cook)
FDW52,ITC Master Chef Corn (Tandoori)
FDK40,Sumo French Fries (Quick Heat)
FDV16,Sumo French Fries (Premium)
FDK16,ITC Master Chef Peas (Classic)
FDR52,Mother Dairy Samosa (Tandoori)
FDO28,Haldiram's French Fries (Spicy)
FDC53,Haldiram's Naan (Tandoori)
FDF28,Gits Peas (Spicy)
FDH41,Sumo Samosa (Ready to Cook)
FDS40,Mother Dairy Naan (Spicy)
FDE29,Haldiram's Corn (Ready to Cook)
FDO40,ITC Master Chef Naan (Ready to Cook)
FDK52,Cargill Kebabs (Masala)
FDL28,Sumo Samosa (Premium)
FDJ53,McCain Paratha (Masala)
FDF41,Gits Kebabs (Quick Heat)
FDU28,Cargill French Fries (Classic)
FDR40,McCain Corn (Quick Heat)
FDG52,Haldiram's Paratha (Spicy)
FDA52,Mother Dairy Samosa (Quick Heat)
FDX52,Haldiram's Samosa (Quick Heat)
FDK28,Mother Dairy Paratha (Spicy)
FDB41,Gits Peas (Masala)
FDW04,Gits French Fries (Ready to Cook)
FDV28,Haldiram's Kebabs (Premium)
FDW16,Gits Samosa (Masala)
FDW28,McCain Samosa (Spicy)
FDI28,ITC Master Chef Corn (Spicy)
FDC17,Haldiram's Paratha (Quick Heat)
FDF04,Cargill Paratha (Premium)
FDH04,Gits Peas (Classic)
FDH16,Cargill French Fries (Quick Heat)
FDV04,Sumo Samosa (Tandoori)
FDB53,McCain Samosa (Tandoori)
FDR04,Haldiram's French Fries (Quick Heat)
FDD28,Mother Dairy Samosa (Premium)
FDY28,Cargill French Fries (Spicy)
FDX40,McCain Samosa (Premium)
FDM40,Sumo Samosa (Masala)
FDB29,Gits Samosa (Classic)
FDN16,Cargill Kebabs (Premium)
FDG53,Haldiram's French Fries (Masala)
FDZ04,Sumo Peas (Spicy)
FDU40,Haldiram's Kebabs (Ready to Cook)
FDX16,Sumo Corn (Classic)
FDJ41,Gits Paratha (Masala)
FDQ16,Gits Samosa (Quick Heat)
FDE17,Sumo Naan (Premium)
FDE04,McCain Peas (Spicy)
FDA40,McCain Naan (Masala)
FDV40,Cargill Naan (Ready to Cook)
FDF53,Cargill Kebabs (Spicy)
FDU16,Mother Dairy Corn (Quick Heat)
FDI52,Gits Corn (Masala)
FDS04,McCain Naan (Quick Heat)
FDT28,Mother Dairy Peas (Quick Heat)
FDP28,McCain French Fries (Ready to Cook)
FDN40,Mother Dairy Corn (Ready to Cook)
FDJ04,McCain Peas (Premium)
FDM04,Mother Dairy Paratha (Ready to Cook)
FDH53,Mother Dairy French Fries (Classic)
FDD17,Mother Dairy Naan (Tandoori)
FDR28,Haldiram's Naan (Quick Heat)
FDZ28,Gits Paratha (Premium)
FDM52,Sumo Peas (Premium)
FDP16,McCain Samosa (Quick Heat)
FDN28,ITC Master Chef Samosa (Premium)
FDM16,Cargill Peas (Classic)
FDV52,Haldiram's French Fries (Premium)
FDO16,Cargill Paratha (Quick Heat)
FDI05,ITC Master Chef Samosa (Tandoori)
FDG28,Gits Naan (Classic)
FDJ16,Gits Kebabs (Tandoori)
FDW40,Haldiram's Corn (Quick Heat)
FDI40,Sumo Peas (Masala)
FDT52,ITC Master Chef Samosa (Quick Heat)
FDT04,ITC Master Chef Peas (Spicy)
FDC05,Gits Naan (Premium)
FDI53,Sumo Corn (Spicy)
FDG41,Haldiram's Paratha (Premium)
FDF17,Cargill Naan (Masala)
FDJ52,ITC Master Chef Samosa (Ready to Cook)
FDR16,ITC Master Chef Paratha (Classic)
FDV20,Mother Dairy Garlic (Farm Fresh)
FDF09,BigBasket Onions (Premium)
FDR07,O'cean Potatoes (Premium)
FDO08,BigBasket Cucumbers (Jumbo Pack)
FDJ08,Local Grown Zucchini (Organica)
FDY31,BigBasket Mangoes (Farm Fresh)
FDJ56,Local Grown Garlic (Small Pack)
FDZ07,Safal Mushrooms (Small Pack)
FDX31,Safal Bell Pepper (Premium)
FDR43,Fresho Bell Pepper (Small Pack)
FDU56,O'cean Cucumbers (Organica)
FDR56,Organic India Bell Pepper (Premium)
FDO19,O'cean Garlic (Premium)
FDO44,Fresho Carrots (Small Pack)
FDT32,Fresho Potatoes (Select)
FDC33,O'cean Potatoes (Small Pack)
FDV56,Mother Dairy Zucchini (Organica)
FDL56,Safal Broccoli (Small Pack)
FDU44,O'cean Potatoes (Exotic)
FDQ08,O'cean Spinach (Organica)
FDZ08,Safal Tomatoes (Organica)
FDM56,Fresho Onions (Small Pack)
FDS44,Fresho Broccoli (Select)
FDE33,Fresho Spinach (Exotic)
FDW08,Mother Dairy Apples (Premium)
FDC21,Local Grown Carrots (Organica)
FDD20,Mother Dairy Spinach (Premium)
FDI44,Organic India Spinach (Farm Fresh)
FDB21,Mother Dairy Onions (Jumbo Pack)
FDF21,Fresho Broccoli (Organica)
FDH57,Fresho Mushrooms (Organica)
FDK08,Safal Bell Pepper (Jumbo Pack)
FDY56,Fresho Mangoes (Exotic)
FDU20,O'cean Garlic (Small Pack)
FDR32,BigBasket Grapes (Organica)
FDQ56,Organic India Carrots (Select)
FDZ20,Mother Dairy Onions (Organica)
FDN20,Mother Dairy Mangoes (Organica)
FDL20,Organic India Cucumbers (Exotic)
FDW55,Organic India Apples (Small Pack)
FDE45,Local Grown Potatoes (Organica)
FDH32,BigBasket Carrots (Exotic)
FDW20,Fresho Zucchini (Exotic)
FDT55,Local Grown Apples (Select)
FDB57,Mother Dairy Carrots (Select)
FDW56,Mother Dairy Zucchini (Small Pack)
FDW32,Local Grown Onions (Farm Fresh)
FDZ43,BigBasket Tomatoes (Select)
FDG44,Local Grown Zucchini (Premium)
FDU55,Local Grown Broccoli (Farm Fresh)
FDR55,Organic India Potatoes (Premium)
FDC57,Fresho Bell Pepper (Farm Fresh)
FDE32,Organic India Spinach (Jumbo Pack)
FDV07,Safal Tomatoes (Premium)
FDE08,Organic India Cucumbers (Small Pack)
FDC45,Organic India Garlic (Select)
FDF20,Local Grown Zucchini (Exotic)
FDF57,Local Grown Grapes (Jumbo Pack)
FDE09,Organic India Bell Pepper (Organica)
FDR31,O'cean Broccoli (Select)
FDT07,Fresho Potatoes (Jumbo Pack)
FDY08,O'cean Apples (Small Pack)
FDS31,BigBasket Garlic (Select)
FDV08,Fresho Mangoes (Farm Fresh)
FDU08,BigBasket Broccoli (Organica)
FDT56,BigBasket Tomatoes (Small Pack)
FDG56,Safal Potatoes (Farm Fresh)
FDB32,Organic India Broccoli (Organica)
FDK20,Mother Dairy Apples (Select)
FDH08,Fresho Carrots (Premium)
FDO32,Mother Dairy Apples (Farm Fresh)
FDZ32,O'cean Mangoes (Select)
FDW31,O'cean Grapes (Farm Fresh)
FDX56,Local Grown Apples (Jumbo Pack)
FDZ44,O'cean Cucumbers (Small Pack)
FDU32,BigBasket Carrots (Organica)
FDM44,Local Grown Mangoes (Organica)
FDD57,Safal Bell Pepper (Organica)
FDL44,O'cean Grapes (Exotic)
FDA44,Mother Dairy Bell Pepper (Farm Fresh)
FDV32,Safal Tomatoes (Small Pack)
FDK32,Local Grown Spinach (Select)
FDN08,O'cean Onions (Farm Fresh)
FDJ32,BigBasket Mangoes (Exotic)
FDT19,Organic India Mangoes (Farm Fresh)
FDU19,Organic India Broccoli (Exotic)
FDA19,Safal Apples (Organica)
FDP31,Organic India Potatoes (Small Pack)
FDY07,O'cean Carrots (Select)
FDZ56,O'cean Mangoes (Organica)
FDR08,Safal Onions (Premium)
FDY55,BigBasket Carrots (Small Pack)
FDG32,BigBasket Grapes (Small Pack)
FDC20,O'cean Spinach (Select)
FDI56,BigBasket Mushrooms (Jumbo Pack)
FDS43,Fresho Tomatoes (Farm Fresh)
FDA07,Fresho Bell Pepper (Jumbo Pack)
FDC44,BigBasket Cucumbers (Premium)
FDQ20,O'cean Grapes (Select)
FDT20,Local Grown Carrots (Premium)
FDQ31,Organic India Zucchini (Small Pack)
FDB08,Organic India Cucumbers (Farm Fresh)
FDN44,BigBasket Mushrooms (Small Pack)
FDI20,Local Grown Apples (Exotic)
FDE57,Mother Dairy Garlic (Exotic)
FDS08,Organic India Zucchini (Premium)
FDP56,O'cean Cucumbers (Farm Fresh)
FDC32,Safal Broccoli (Select)
FDV43,Organic India Carrots (Premium)
FDM20,BigBasket Zucchini (Small Pack)
FDQ19,Local Grown Mushrooms (Exotic)
FDF44,BigBasket Onions (Exotic)
FDA55,Local Grown Onions (Jumbo Pack)
FDT08,Mother Dairy Mangoes (Farm Fresh)
FDD33,Local Grown Bell Pepper (Premium)
FDQ32,Fresho Potatoes (Organica)
FDR19,BigBasket Broccoli (Small Pack)
FDB56,Organic India Broccoli (Small Pack)
FDS55,Mother Dairy Onions (Premium)
FDO31,O'cean Tomatoes (Small Pack)
FDF56,BigBasket Cucumbers (Select)
FDB44,BigBasket Onions (Jumbo Pack)
FDZ31,Organic India Zucchini (Jumbo Pack)
FDB45,Safal Potatoes (Jumbo Pack)
FDC08,O'cean Carrots (Farm Fresh)
FDA43,BigBasket Onions (Select)
FDH56,Organic India Mushrooms (Organica)
FDB33,Safal Spinach (Jumbo Pack)
FDQ55,BigBasket Bell Pepper (Exotic)
FDG08,O'cean Zucchini (Small Pack)
FDA20,BigBasket Mushrooms (Farm Fresh)
FDO56,BigBasket Potatoes (Jumbo Pack)
FDQ07,Organic India Garlic (Farm Fresh)
FDJ44,O'cean Garlic (Farm Fresh)
FDN56,Organic India Grapes (Exotic)
FDZ55,Safal Zucchini (Select)
FDE21,BigBasket Apples (Jumbo Pack)
FDZ19,BigBasket Mangoes (Small Pack)
FDV19,Safal Mushrooms (Exotic)
FDR44,Local Grown Broccoli (Select)
FDK44,Mother Dairy Mushrooms (Organica)
FDA56,Fresho Onions (Jumbo Pack)
FDU43,Safal Garlic (Organica)
FDI32,O'cean Apples (Premium)
FDN32,Local Grown Carrots (Small Pack)
FDH45,Safal Onions (Small Pack)
FDY44,Mother Dairy Zucchini (Jumbo Pack)
FDL32,Organic India Garlic (Small Pack)
FDV55,Mother Dairy Potatoes (Exotic)
FDU07,O'cean Mangoes (Jumbo Pack)
FDA08,Fresho Garlic (Jumbo Pack)
FDW07,Organic India Tomatoes (Jumbo Pack)
FDY32,Mother Dairy Onions (Exotic)
FDX55,Safal Potatoes (Organica)
FDD09,Safal Carrots (Premium)
FDX32,Fresho Tomatoes (Select)
FDE56,Safal Carrots (Small Pack)
FDW19,Mother Dairy Apples (Small Pack)
FDX20,O'cean Zucchini (Select)
FDX07,Fresho Spinach (Small Pack)
FDG09,O'cean Grapes (Small Pack)
FDX08,Mother Dairy Cucumbers (Small Pack)
FDL08,O'cean Broccoli (Organica)
FDS32,Organic India Garlic (Exotic)
FDA32,Organic India Carrots (Small Pack)
FDX44,O'cean Carrots (Jumbo Pack)
FDB09,Local Grown Spinach (Jumbo Pack)
FDD08,Fresho Garlic (Premium)
FDF32,Safal Grapes (Farm Fresh)
FDG45,Safal Broccoli (Organica)
FDF45,BigBasket Potatoes (Small Pack)
FDS19,Local Grown Mangoes (Farm Fresh)
FDH20,Organic India Grapes (Farm Fresh)
FDI45,Organic India Apples (Farm Fresh)
FDD32,Organic India Spinach (Exotic)
FDM08,Mother Dairy Grapes (Small Pack)
FDD21,Fresho Carrots (Exotic)
FDY19,O'cean Onions (Organica)
FDW44,BigBasket Bell Pepper (Premium)
FDB20,Mother Dairy Zucchini (Exotic)
FDP44,Mother Dairy Bell Pepper (Exotic)
FDN31,Organic India Garlic (Jumbo Pack)
FDD45,Fresho Cucumbers (Exotic)
FDW43,BigBasket Apples (Organica)
FDP19,Organic India Cucumbers (Select)
FDC09,Safal Mangoes (Exotic)
FDP07,Safal Bell Pepper (Select)
FDV44,BigBasket Apples (Small Pack)
FDS07,Safal Spinach (Premium)
FDK56,Local Grown Garlic (Select)
FDS56,Local Grown Broccoli (Small Pack)
FDP08,O'cean Spinach (Premium)
FDX19,BigBasket Onions (Farm Fresh)
FDE44,Fresho Cucumbers (Premium)
FDD44,Local Grown Potatoes (Jumbo Pack)
FDM32,Safal Cucumbers (Select)
FDG57,O'cean Cucumbers (Jumbo Pack)
FDS20,Fresho Potatoes (Exotic)
FDJ20,Mother Dairy Cucumbers (Jumbo Pack)
FDP20,Mother Dairy Garlic (Jumbo Pack)
FDE20,Mother Dairy Spinach (Exotic)
FDT31,BigBasket Spinach (Select)
FDO20,Fresho Onions (Select)
FDF08,Organic India Bell Pepper (Select)
FDY20,Organic India Carrots (Farm Fresh)
FDQ44,BigBasket Broccoli (Jumbo Pack)
FDT43,Mother Dairy Broccoli (Farm Fresh)
FDC56,O'cean Broccoli (Premium)
FDX43,Safal Apples (Exotic)
FDG20,BigBasket Spinach (Premium)
FDU31,O'cean Broccoli (Farm Fresh)
FDI08,BigBasket Zucchini (Exotic)
FDH44,BigBasket Spinach (Organica)
FDP32,Mother Dairy Mushrooms (Small Pack)
FDD56,Local Grown Mangoes (Jumbo Pack)
FDV31,BigBasket Mushrooms (Exotic)
FDR20,Organic India Mushrooms (Jumbo Pack)
FDT44,Safal Cucumbers (Exotic)
FDA31,Safal Garlic (Select)
FDY43,Safal Carrots (Jumbo Pack)
DRI11,Signature Vodka Aged
DRM47,Antiquity Brandy Classic
DRQ35,Signature Stout Black
DRP35,Old Monk Scotch Reserve
DRK35,Signature Rum Gold
DRM59,Signature Scotch Black
DRF23,McDowell's Whiskey Vintage
DRL11,Bagpiper Stout Reserve
DRJ47,Antiquity Lager Gold
DRI23,Imperial Blue Brandy Aged
DRG23,Signature Gin Premium
DRJ59,McDowell's Lager Black
DRK23,Blenders Pride Brandy Black
DRH23,Antiquity Whiskey Premium
DRN47,Imperial Blue Brandy Platinum
DRK59,Kingfisher Brandy Platinum
DRJ23,Royal Challenge Scotch Reserve
DRN59,McDowell's Stout Premium
DRH11,Old Monk Gin Reserve
DRL47,McDowell's Scotch Premium
DRM23,Blenders Pride Gin Classic
DRK11,Kingfisher Brandy Gold
DRI59,Kingfisher Gin Gold
DRL35,Bagpiper Gin Gold
DRM35,Imperial Blue Whiskey Premium
DRO59,Officer's Choice Brandy Reserve
DRL59,McDowell's Stout Vintage
DRM11,Old Monk Lager Premium
DRJ35,Antiquity Stout Vintage
DRP47,Royal Challenge Lager Platinum
DRK47,McDowell's Scotch Black
DRG11,Bagpiper Rum Platinum
DRN35,McDowell's Whiskey Black
DRJ11,Signature Brandy Black
DRI47,Imperial Blue Vodka Reserve
DRL23,Bagpiper Vodka Black
DRN11,Blenders Pride Vodka Vintage
DRH59,Bagpiper Gin Vintage
DRO47,McDowell's Stout Classic
DRO35,Officer's Choice Lager Vintage
NCR53,Dabur Face Wash (Moisture Lock)
NCO17,Patanjali Toothpaste (Cool Mint)
NCU05,Godrej Protekt Body Soap (with Aloe Vera)
NCW17,Dabur Hand Wash (with Aloe Vera)
NCW53,Savlon Face Wash (Germ Protect)
NCT41,Lifebuoy Hand Wash (Herbal)
NCJ29,Patanjali Hand Wash (Deep Clean)
NCK17,Mamaearth Hand Sanitizer (with Aloe Vera)
NCX29,Mamaearth Disinfectant Spray (Herbal)
NCM05,Himalaya Hand Wash (Cool Mint)
NCW29,Mamaearth Toothpaste (Herbal)
NCO41,Lifebuoy Hand Wash (Moisture Lock)
NCR41,Savlon Hand Sanitizer (Fresh Scent)
NCQ41,Lifebuoy Body Soap (Cool Mint)
NCK29,Dabur Antiseptic Cream (Deep Clean)
NCZ17,Lifebuoy Shampoo (Germ Protect)
NCX05,Himalaya Body Soap (Germ Protect)
NCT29,Godrej Protekt Hand Sanitizer (Ayurvedic)
NCM17,Mamaearth Hand Wash (Germ Protect)
NCY05,Himalaya Face Wash (Moisture Lock)
NCL05,Patanjali Body Soap (Fresh Scent)
NCT17,Dettol Hand Wash (Herbal)
NCY29,Mamaearth Antiseptic Cream (Herbal)
NCZ53,Mamaearth Hand Wash (Fresh Scent)
NCJ05,Mamaearth Toothpaste (Ayurvedic)
NCK05,Godrej Protekt Disinfectant Spray (Herbal)
NCL53,Savlon Face Wash (with Aloe Vera)
NCV41,Dettol Hand Sanitizer (Fresh Scent)
NCR05,Godrej Protekt Face Wash (Cool Mint)
NCN53,Godrej Protekt Toothpaste (Cool Mint)
NCL41,Himalaya Hand Sanitizer (Ayurvedic)
NCB06,Dabur Disinfectant Spray (Herbal)
NCP05,Savlon Toothpaste (Deep Clean)
NCS05,Himalaya Hand Wash (Herbal)
NCU17,Mamaearth Face Wash (with Aloe Vera)
NCR29,Lifebuoy Face Wash (Ayurvedic)
NCR17,Himalaya Antiseptic Cream (Deep Clean)
NCN29,Mamaearth Shampoo (with Aloe Vera)
NCS29,Godrej Protekt Face Wash (with Aloe Vera)
NCT53,Savlon Shampoo (Moisture Lock)
NCW41,Savlon Antiseptic Cream (Cool Mint)
NCO05,Godrej Protekt Hand Wash (Germ Protect)
NCS53,Savlon Toothpaste (Ayurvedic)
NCK53,Patanjali Antiseptic Cream (Germ Protect)
NCU29,Dabur Hand Sanitizer (Moisture Lock)
NCB42,Lifebuoy Shampoo (Deep Clean)
NCQ05,Dettol Face Wash (Fresh Scent)
NCI29,Dettol Hand Wash (Fresh Scent)
NCA05,Savlon Disinfectant Spray (Deep Clean)
NCD42,Lifebuoy Disinfectant Spray (Germ Protect)
NCQ53,Savlon Hand Wash (Fresh Scent)
NCO29,Dettol Toothpaste (Moisture Lock)
NCQ29,Lifebuoy Toothpaste (Ayurvedic)
NCV05,Savlon Hand Wash (Moisture Lock)
NCM29,Savlon Antiseptic Cream (Deep Clean)
NCI17,Dabur Body Soap (Fresh Scent)
NCY41,Godrej Protekt Antiseptic Cream (Deep Clean)
NCA53,Dettol Hand Wash (Moisture Lock)
NCY53,Mamaearth Antiseptic Cream (Cool Mint)
NCP29,Godrej Protekt Hand Wash (Cool Mint)
NCN41,Dettol Shampoo (with Aloe Vera)
NCS17,Patanjali Body Soap (Deep Clean)
NCO53,Lifebuoy Face Wash (Herbal)
NCQ17,Mamaearth Toothpaste (Moisture Lock)
NCL29,Patanjali Shampoo (Moisture Lock)
NCZ05,Lifebuoy Antiseptic Cream (Fresh Scent)
NCV29,Savlon Body Soap (Herbal)
NCP41,Dabur Shampoo (Germ Protect)
NCP53,Patanjali Body Soap (Herbal)
NCP17,Lifebuoy Toothpaste (Cool Mint)
NCX41,Lifebuoy Shampoo (Cool Mint)
NCS41,Mamaearth Toothpaste (with Aloe Vera)
NCC42,Godrej Protekt Antiseptic Cream (Cool Mint)
NCZ41,Patanjali Face Wash (Fresh Scent)
NCA17,Patanjali Hand Wash (Moisture Lock)
NCY17,Mamaearth Hand Wash (Moisture Lock)
NCH29,Lifebuoy Face Wash (Germ Protect)
NCC54,Dettol Face Wash (Moisture Lock)
NCV53,Godrej Protekt Toothpaste (Germ Protect)
NCU41,Dettol Hand Sanitizer (Ayurvedic)
NCB54,Godrej Protekt Toothpaste (with Aloe Vera)
NCM41,Mamaearth Shampoo (Deep Clean)
NCJ17,Savlon Toothpaste (Germ Protect)
NCZ29,Mamaearth Shampoo (Ayurvedic)
NCX53,Patanjali Hand Sanitizer (Cool Mint)
NCN17,Dabur Toothpaste (Fresh Scent)
NCU53,Dettol Face Wash (Cool Mint)
NCT05,Patanjali Shampoo (Deep Clean)
NCL17,Godrej Protekt Face Wash (Moisture Lock)
NCN05,Dettol Shampoo (Herbal)
NCM53,Patanjali Face Wash (Cool Mint)
NCA41,Patanjali Hand Wash (Cool Mint)
NCV17,Mamaearth Toothpaste (Cool Mint)
NCW05,Dettol Body Soap (Deep Clean)
NCX17,Himalaya Disinfectant Spray (Germ Protect)
NCL18,Cello Air Freshener (Lemon Zest)
NCP18,Surf Excel Tissue Box (Germ Protect)
NCB30,Milton Storage Container (Durable)
NCX06,Pril Dustpan (Fresh Scent)
NCX42,Borosil Air Freshener (Lemon Zest)
NCF07,Borosil Dish Soap (Power Clean)
NCO54,Lizol Tissue Box (Lemon Zest)
NCJ54,Borosil Tissue Box (Power Clean)
NCE06,Milton Floor Cleaner (Extra Strong)
NCV54,Godrej Dish Soap (Durable)
NCZ06,Cello Laundry Detergent (Extra Strong)
NCK54,Pril Dustpan (Power Clean)
NCP06,Surf Excel Dish Soap (Extra Strong)
NCG43,Godrej Laundry Detergent (Lemon Zest)
NCB43,Pril Laundry Detergent (Extra Strong)
NCM54,Pril Cleaning Spray (Extra Strong)
NCF19,Surf Excel Laundry Detergent (Eco-Friendly)
NCI54,Ariel Tissue Box (Durable)
NCB31,Lizol Floor Cleaner (Eco-Friendly)
NCM18,Borosil Tissue Box (Lemon Zest)
NCQ06,Tupperware Dustpan (Eco-Friendly)
NCX30,Ariel Floor Cleaner (Fresh Scent)
NCZ54,Cello Laundry Detergent (Eco-Friendly)
NCK06,Milton Tissue Box (Lemon Zest)
NCQ42,Lizol Air Freshener (Extra Strong)
NCV06,Ariel Air Freshener (Extra Strong)
NCO42,Surf Excel Laundry Detergent (Durable)
NCB18,Surf Excel Cleaning Spray (Extra Strong)
NCS06,Cello Tissue Box (Lemon Zest)
NCJ42,Lizol Floor Cleaner (Fresh Scent)
NCA06,Surf Excel Air Freshener (Eco-Friendly)
NCE54,Godrej Floor Cleaner (Fresh Scent)
NCE07,Milton Laundry Detergent (Fresh Scent)
NCX18,Tupperware Storage Container (Eco-Friendly)
NCM30,Cello Dish Soap (Extra Strong)
NCP42,Tupperware Tissue Box (Durable)
NCG07,Godrej Tissue Box (Lemon Zest)
NCR50,Borosil Laundry Detergent (Power Clean)
NCB07,Milton Floor Cleaner (Fresh Scent)
NCT30,Borosil Air Freshener (Germ Protect)
NCK42,Surf Excel Cleaning Spray (Eco-Friendly)
NCF31,Borosil Dish Soap (Extra Strong)
NCB19,Godrej Storage Container (Germ Protect)
NCC19,Milton Storage Container (Fresh Scent)
NCL54,Ariel Tissue Box (Fresh Scent)
NCE19,Tupperware Storage Container (Fresh Scent)
NCH42,Cello Floor Cleaner (Fresh Scent)
NCZ18,Tupperware Dish Soap (Power Clean)
NCC18,Ariel Tissue Box (Eco-Friendly)
NCK18,Pril Air Freshener (Lemon Zest)
NCC07,Pril Dish Soap (Power Clean)
NCO30,Cello Floor Cleaner (Germ Protect)
NCJ06,Cello Tissue Box (Extra Strong)
NCH54,Tupperware Air Freshener (Durable)
NCQ18,Lizol Storage Container (Durable)
NCI18,Tupperware Laundry Detergent (Eco-Friendly)
NCY18,Surf Excel Floor Cleaner (Power Clean)
NCG30,Godrej Storage Container (Fresh Scent)
NCQ30,Tupperware Floor Cleaner (Eco-Friendly)
NCU42,Surf Excel Storage Container (Extra Strong)
NCZ30,Tupperware Cleaning Spray (Fresh Scent)
NCQ50,Pril Air Freshener (Eco-Friendly)
NCH06,Ariel Dustpan (Eco-Friendly)
NCH43,Borosil Cleaning Spray (Fresh Scent)
NCF42,Borosil Laundry Detergent (Germ Protect)
NCJ43,Godrej Air Freshener (Durable)
NCG54,Surf Excel Floor Cleaner (Extra Strong)
NCW42,Ariel Cleaning Spray (Lemon Zest)
NCO14,Pril Cleaning Spray (Durable)
NCD43,Ariel Laundry Detergent (Eco-Friendly)
NCD31,Ariel Dish Soap (Power Clean)
NCR30,Milton Floor Cleaner (Durable)
NCI06,Surf Excel Storage Container (Eco-Friendly)
NCH55,Godrej Storage Container (Eco-Friendly)
NCG18,Surf Excel Storage Container (Durable)
NCH07,Ariel Tissue Box (Germ Protect)
NCR18,Surf Excel Floor Cleaner (Durable)
NCS54,Borosil Dish Soap (Germ Protect)
NCD55,Ariel Dustpan (Fresh Scent)
NCY06,Pril Floor Cleaner (Eco-Friendly)
NCP02,Pril Tissue Box (Eco-Friendly)
NCT06,Tupperware Tissue Box (Extra Strong)
NCE30,Borosil Floor Cleaner (Fresh Scent)
NCA42,Borosil Storage Container (Power Clean)
NCM06,Godrej Laundry Detergent (Power Clean)
NCD54,Pril Floor Cleaner (Power Clean)
NCO06,Borosil Air Freshener (Fresh Scent)
NCX54,Cello Air Freshener (Germ Protect)
NCW18,Godrej Floor Cleaner (Power Clean)
NCT42,Lizol Tissue Box (Extra Strong)
NCU06,Borosil Floor Cleaner (Eco-Friendly)
NCV30,Cello Dustpan (Durable)
NCU18,Borosil Air Freshener (Extra Strong)
NCI42,Cello Floor Cleaner (Eco-Friendly)
NCY54,Surf Excel Air Freshener (Lemon Zest)
NCD18,Surf Excel Air Freshener (Power Clean)
NCS38,Tupperware Laundry Detergent (Durable)
NCJ18,Lizol Dish Soap (Eco-Friendly)
NCH30,Godrej Storage Container (Extra Strong)
NCF18,Tupperware Storage Container (Power Clean)
NCP30,Lizol Cleaning Spray (Germ Protect)
NCE42,Godrej Dustpan (Lemon Zest)
NCH18,Surf Excel Dish Soap (Power Clean)
NCE55,Cello Floor Cleaner (Durable)
NCJ30,Ariel Cleaning Spray (Eco-Friendly)
NCR38,Godrej Air Freshener (Power Clean)
NCI55,Tupperware Floor Cleaner (Extra Strong)
NCR54,Milton Floor Cleaner (Germ Protect)
NCL30,Godrej Cleaning Spray (Fresh Scent)
NCD30,Tupperware Air Freshener (Extra Strong)
NCI43,Milton Storage Container (Lemon Zest)
NCE31,Ariel Storage Container (Lemon Zest)
NCT18,Borosil Dish Soap (Durable)
NCG06,Milton Tissue Box (Durable)
NCN30,Borosil Floor Cleaner (Extra Strong)
NCN42,Borosil Storage Container (Durable)
NCI30,Ariel Dustpan (Durable)
NCE43,Borosil Storage Container (Eco-Friendly)
NCQ54,Pril Laundry Detergent (Eco-Friendly)
NCN18,Lizol Dustpan (Durable)
NCD19,Borosil Dish Soap (Fresh Scent)
NCQ02,Milton Air Freshener (Lemon Zest)
NCG19,Surf Excel Air Freshener (Durable)
NCR06,Tupperware Air Freshener (Fresh Scent)
NCC31,Milton Dish Soap (Lemon Zest)
NCL42,Ariel Floor Cleaner (Durable)
NCC43,Borosil Laundry Detergent (Lemon Zest)
NCS18,Pril Floor Cleaner (Fresh Scent)
NCF43,Ariel Air Freshener (Lemon Zest)
NCY42,Surf Excel Dish Soap (Durable)
NCZ42,Ariel Laundry Detergent (Extra Strong)
NCN06,Godrej Dish Soap (Lemon Zest)
NCO26,Ariel Cleaning Spray (Fresh Scent)
NCC30,Borosil Tissue Box (Fresh Scent)
NCO18,Lizol Storage Container (Extra Strong)
NCW54,Cello Dish Soap (Germ Protect)
NCD07,Godrej Dish Soap (Germ Protect)
NCE18,Surf Excel Dustpan (Fresh Scent)
NCA29,Milton Dustpan (Durable)
NCP14,Pril Cleaning Spray (Lemon Zest)
NCB55,Pril Storage Container (Extra Strong)
NCC06,Surf Excel Dustpan (Power Clean)
NCD06,Surf Excel Storage Container (Power Clean)
NCA54,Lizol Cleaning Spray (Extra Strong)
NCT54,Pril Tissue Box (Fresh Scent)
NCA30,Lizol Storage Container (Power Clean)
NCN26,Milton Laundry Detergent (Germ Protect)
NCA18,Ariel Air Freshener (Fresh Scent)
NCY30,Tupperware Air Freshener (Power Clean)
NCG55,Tupperware Laundry Detergent (Lemon Zest)
NCK30,Pril Dish Soap (Fresh Scent)
NCF55,Cello Dish Soap (Fresh Scent)
NCF54,Milton Tissue Box (Extra Strong)
NCU54,Godrej Air Freshener (Fresh Scent)
NCG42,Godrej Laundry Detergent (Fresh Scent)
NCU30,Pril Air Freshener (Extra Strong)
NCS30,Pril Tissue Box (Extra Strong)
NCF06,Tupperware Floor Cleaner (Durable)
NCF30,Borosil Floor Cleaner (Germ Protect)
NCN54,Ariel Air Freshener (Eco-Friendly)
NCS42,Surf Excel Floor Cleaner (Fresh Scent)
NCV42,Borosil Floor Cleaner (Power Clean)
NCL06,Lizol Dustpan (Lemon Zest)
NCW06,Lizol Tissue Box (Eco-Friendly)
NCR42,Borosil Cleaning Spray (Power Clean)
NCM42,Pril Floor Cleaner (Durable)
NCP54,Lizol Air Freshener (Durable)
NCV18,Lizol Dish Soap (Fresh Scent)
NCC55,Surf Excel Tissue Box (Fresh Scent)
NCW30,Pril Floor Cleaner (Lemon Zest)
FDW39,Prasuma Pork Chops (Frozen)
FDH19,FreshToHome Fish Fillet (Boneless)
FDN39,FreshToHome Pork Chops (Marinated)
FDW27,Zorabian Chicken Nuggets (Ready to Cook)
FDO51,Zorabian Fish Fillet (Boneless)
FDS03,FreshToHome Prawns (Spicy)
FDQ15,Licious Chicken Nuggets (Frozen)
FDK55,Prasuma Chicken Nuggets (Ready to Cook)
FDK15,FreshToHome Chicken Curry Cut (Boneless)
FDK43,Godrej Chicken Curry Cut (Ready to Cook)
FDG31,Licious Prawns (Marinated)
FDI19,Prasuma Prawns (Ready to Cook)
FDR51,Zorabian Pork Chops (Ready to Cook)
FDQ03,Godrej Fish Fillet (Ready to Cook)
FDQ27,FreshToHome Chicken Nuggets (Marinated)
FDX03,Zorabian Fish Fillet (Frozen)
FDJ55,Zorabian Pork Chops (Tandoori Style)
FDV51,Licious Chicken Curry Cut (Frozen)
FDP51,FreshToHome Mutton Seekh Kebab (Spicy)
FDM15,FreshToHome Pork Chops (Spicy)
FDM27,FreshToHome Chicken Nuggets (Ready to Cook)
FDS27,Zorabian Prawns (Frozen)
FDV03,FreshToHome Fish Fillet (Spicy)
FDP39,FreshToHome Chicken Curry Cut (Spicy)
FDW15,Prasuma Fish Fillet (Marinated)
FDJ07,Zorabian Chicken Nuggets (Boneless)
FDU27,Godrej Pork Chops (Tandoori Style)
FDT51,Prasuma Prawns (Spicy)
FDN27,Licious Chicken Curry Cut (Tandoori Style)
FDV27,Licious Pork Chops (Marinated)
FDU51,Zorabian Prawns (Marinated)
FDV15,Godrej Chicken Curry Cut (Spicy)
FDO15,FreshToHome Fish Fillet (Tandoori Style)
FDQ39,Licious Pork Chops (Tandoori Style)
FDN03,Godrej Pork Chops (Marinated)
FDR15,FreshToHome Prawns (Marinated)
FDO27,Godrej Mutton Seekh Kebab (Marinated)
FDQ51,Licious Chicken Nuggets (Boneless)
FDO39,Licious Mutton Seekh Kebab (Boneless)
FDO03,Prasuma Mutton Seekh Kebab (Frozen)
FDU39,Prasuma Mutton Seekh Kebab (Tandoori Style)
FDS39,Prasuma Prawns (Marinated)
FDA39,Licious Mutton Seekh Kebab (Ready to Cook)
FDP27,Licious Fish Fillet (Frozen)
FDH31,Godrej Fish Fillet (Frozen)
FDT15,FreshToHome Chicken Nuggets (Spicy)
FDL15,Prasuma Fish Fillet (Ready to Cook)
FDW51,FreshToHome Mutton Seekh Kebab (Frozen)
FDZ39,Zorabian Mutton Seekh Kebab (Ready to Cook)
FDX39,Prasuma Fish Fillet (Tandoori Style)
FDY03,FreshToHome Chicken Curry Cut (Ready to Cook)
FDI07,Prasuma Pork Chops (Boneless)
FDR27,Zorabian Fish Fillet (Marinated)
FDN15,Godrej Chicken Nuggets (Ready to Cook)
FDY51,Prasuma Chicken Curry Cut (Boneless)
FDM03,Licious Prawns (Frozen)
FDS51,Zorabian Prawns (Spicy)
FDK27,Zorabian Fish Fillet (Ready to Cook)
FDZ51,FreshToHome Fish Fillet (Frozen)
FDL03,Godrej Chicken Curry Cut (Frozen)
FDV39,FreshToHome Prawns (Ready to Cook)
FDY39,Zorabian Chicken Curry Cut (Ready to Cook)
FDX15,Prasuma Chicken Nuggets (Frozen)
FDT27,Godrej Prawns (Marinated)
FDP15,Godrej Chicken Curry Cut (Tandoori Style)
FDT03,Zorabian Fish Fillet (Spicy)
FDL43,Zorabian Mutton Seekh Kebab (Marinated)
FDS15,Godrej Pork Chops (Boneless)
FDU15,Prasuma Pork Chops (Spicy)
FDM51,FreshToHome Fish Fillet (Marinated)
FDP03,Prasuma Chicken Curry Cut (Frozen)
FDW03,Godrej Prawns (Tandoori Style)
FDX51,Zorabian Pork Chops (Spicy)
FDL27,Licious Prawns (Spicy)
FDR39,Prasuma Chicken Nuggets (Spicy)
FDT39,Zorabian Mutton Seekh Kebab (Boneless)
FDJ27,Licious Fish Fillet (Spicy)
FDN51,Godrej Pork Chops (Frozen)
FDR03,Licious Prawns (Ready to Cook)
FDU03,Prasuma Fish Fillet (Spicy)
NCO07,Dabur Face Wash (All-Natural)
NCK31,Amul Herbal Soap (Combo Pack)
NCQ43,Himalaya Herbal Soap (Refreshing)
NCM19,Patanjali Ayurvedic Balm (All-Natural)
NCN14,Jagat Ayurvedic Balm (Trial Size)
NCI31,Godrej Air Freshener (Refreshing)
NCM07,Godrej Face Wash (Trial Size)
NCN43,Jagat Air Freshener (New & Improved)
NCJ31,Amul Incense Sticks (All-Natural)
NCO55,Godrej Pooja Samagri (All-Natural)
NCP50,Godrej Hand Sanitizer (Trial Size)
NCL07,Amul Ayurvedic Balm (New & Improved)
NCM43,Jagat Incense Sticks (Family Pack)
NCL55,Dabur Hand Sanitizer (Trial Size)
NCL31,Godrej Hand Sanitizer (Refreshing)
NCJ19,Amul Herbal Soap (Trial Size)
NCQ38,Himalaya Face Wash (Trial Size)
NCP55,Himalaya Air Freshener (Refreshing)
NCO02,Jagat Face Wash (Family Pack)
NCM26,Amul Air Freshener (Combo Pack)
NCN19,Dabur Incense Sticks (Family Pack)
NCP43,Jagat Air Freshener (Trial Size)
NCK19,Jagat Face Wash (New & Improved)
NCL19,Dabur Ayurvedic Balm (Combo Pack)
NCN07,Amul Hand Sanitizer (New & Improved)
NCO43,Godrej Herbal Soap (Trial Size)
NCM31,Patanjali Ayurvedic Balm (Trial Size)
NCK07,Jagat Ayurvedic Balm (New & Improved)
NCM55,Godrej Ayurvedic Balm (All-Natural)
NCN55,Amul Hand Sanitizer (All-Natural)
FDG33,Licious Pomfret (Curry Cut)
FDJ45,FreshToHome Surmai Fish (Headless)
FDK45,Ganesh Rohu Fish (Frozen)
FDI57,Licious Rohu Fish (Marinated)
FDH21,Puranik Rohu Fish (Fillet)
FDH09,Puranik Katla Fish (Headless)
FDF33,FreshToHome Pomfret (Headless)
FDG21,Ganesh Prawns (Fillet)
FDJ57,Ganesh Surmai Fish (Frozen)
FDI09,Ganesh Rohu Fish (Curry Cut)
FDP10,Parle Aloo Bhujia (Tangy)
FDX10,ITC Bhujia (Chatpata)
FDB34,Bikano Aloo Bhujia (Chatpata)
FDY45,Lays Wafers (Spicy)
FDD10,Haldiram's Sev (Spicy)
FDX34,Haldiram's Namkeen (Crunchy)
FDS45,Balaji Wafers Chanachur (Crunchy)
FDS46,Bikano Mixture (Crunchy)
FDX21,Bikano Namkeen (Classic)
FDZ10,Kurkure Sev (Masala)
FDN58,ITC Wafers (Spicy)
FDJ22,Bikano Chanachur (Masala)
FDP22,Balaji Wafers Chanachur (Chatpata)
FDU45,Britannia Sev (Chatpata)
FDS09,Lays Chanachur (Masala)
FDZ22,Balaji Wafers Wafers (Family Pack)
FDE22,Britannia Aloo Bhujia (Crunchy)
FDL46,Britannia Chips (Tangy)
FDX09,Bikano Aloo Bhujia (Crispy)
FDC46,Lays Aloo Bhujia (Crunchy)
FDS10,Parle Chanachur (Tangy)
FDX33,Lays Wafers (Crunchy)
FDC10,ITC Mixture (Crunchy)
FDS33,Britannia Wafers (Crunchy)
FDR58,Haldiram's Mixture (Crispy)
FDV57,Lays Mixture (Tangy)
FDN21,Lays Chips (Crispy)
FDA45,Lays Bhujia (Crispy)
FDU22,Haldiram's Sev (Tangy)
FDQ57,ITC Papad (Crunchy)
FDK10,Lays Papad (Masala)
FDT46,Parle Papad (Tangy)
FDM21,ITC Bhujia (Tangy)
FDD46,Haldiram's Wafers (Classic)
FDO34,Britannia Sev (Crispy)
FDG46,ITC Wafers (Chatpata)
FDW45,ITC Wafers (Classic)
FDZ33,ITC Wafers (Masala)
FDR46,Kurkure Aloo Bhujia (Crunchy)
FDY33,Balaji Wafers Chanachur (Tangy)
FDW34,ITC Chips (Crunchy)
FDL09,Balaji Wafers Chips (Crunchy)
FDT22,Parle Papad (Classic)
FDI46,Britannia Mixture (Chatpata)
FDY09,Bikano Chanachur (Family Pack)
FDA10,Lays Chanachur (Family Pack)
FDZ58,ITC Chips (Spicy)
FDJ10,Bikano Namkeen (Crispy)
FDK57,ITC Namkeen (Masala)
FDB58,ITC Mixture (Masala)
FDV46,Bikano Mixture (Spicy)
FDW21,Kurkure Mixture (Family Pack)
FDZ45,Balaji Wafers Sev (Classic)
FDT09,Parle Wafers (Masala)
FDH10,ITC Chips (Classic)
FDV09,Parle Chanachur (Crispy)
FDY21,Balaji Wafers Namkeen (Spicy)
FDE10,Lays Papad (Chatpata)
FDH33,Kurkure Aloo Bhujia (Masala)
FDU21,Balaji Wafers Chanachur (Classic)
FDV21,Lays Bhujia (Spicy)
FDQ34,Kurkure Wafers (Masala)
FDW09,Balaji Wafers Mixture (Tangy)
FDL33,Parle Bhujia (Crispy)
FDN57,Lays Sev (Crunchy)
FDA57,Haldiram's Wafers (Crunchy)
FDL57,Kurkure Mixture (Classic)
FDQ22,ITC Sev (Classic)
FDU57,Balaji Wafers Aloo Bhujia (Family Pack)
FDP58,Parle Bhujia (Crunchy)
FDF34,Britannia Mixture (Crispy)
FDP45,Lays Mixture (Family Pack)
FDJ21,Bikano Chips (Tangy)
FDO45,Lays Wafers (Masala)
FDL45,Haldiram's Chanachur (Classic)
FDQ33,Britannia Papad (Masala)
FDU33,Bikano Bhujia (Tangy)
FDF46,Kurkure Chanachur (Crispy)
FDN34,Britannia Chips (Classic)
FDQ10,Parle Aloo Bhujia (Crispy)
FDT58,Balaji Wafers Aloo Bhujia (Crispy)
FDK09,Lays Papad (Crispy)
FDX22,Parle Chanachur (Chatpata)
FDE58,Kurkure Sev (Family Pack)
FDF58,Parle Chips (Tangy)
FDZ21,Haldiram's Chips (Crunchy)
FDC47,Balaji Wafers Bhujia (Masala)
FDI33,Bikano Chanachur (Spicy)
FDP33,Britannia Namkeen (Chatpata)
FDP46,ITC Bhujia (Crunchy)
FDT57,Balaji Wafers Namkeen (Chatpata)
FDL34,Lays Namkeen (Family Pack)
FDN09,Parle Bhujia (Family Pack)
FDY34,Parle Namkeen (Classic)
FDN10,Balaji Wafers Mixture (Classic)
FDO10,Bikano Mixture (Tangy)
FDK34,Britannia Chanachur (Masala)
FDN33,Bikano Papad (Spicy)
FDP21,ITC Aloo Bhujia (Classic)
FDR45,Haldiram's Mixture (Tangy)
FDS34,Parle Aloo Bhujia (Masala)
FDP09,Bikano Papad (Crispy)
FDR09,Kurkure Papad (Crispy)
FDK58,Balaji Wafers Bhujia (Crunchy)
FDA46,Bikano Sev (Classic)
FDS21,ITC Wafers (Crispy)
FDG22,Lays Chanachur (Crunchy)
FDV45,Parle Aloo Bhujia (Classic)
FDK33,Balaji Wafers Chips (Chatpata)
FDU58,ITC Namkeen (Classic)
FDM34,Bikano Sev (Masala)
FDE46,Bikano Mixture (Family Pack)
FDQ09,Britannia Aloo Bhujia (Spicy)
FDW22,Kurkure Chanachur (Masala)
FDJ33,Haldiram's Chanachur (Tangy)
FDB22,Kurkure Bhujia (Tangy)
FDX57,Haldiram's Chips (Tangy)
FDQ45,ITC Mixture (Chatpata)
FDJ58,Lays Bhujia (Classic)
FDI10,ITC Aloo Bhujia (Tangy)
FDS57,Bikano Papad (Tangy)
FDM22,Britannia Mixture (Family Pack)
FDY10,Haldiram's Wafers (Tangy)
FDC34,Bikano Mixture (Masala)
FDI22,Kurkure Namkeen (Classic)
FDX45,Haldiram's Namkeen (Classic)
FDG10,Lays Chips (Crunchy)
FDU46,Parle Aloo Bhujia (Crunchy)
FDH34,Kurkure Aloo Bhujia (Classic)
FDG34,Haldiram's Papad (Spicy)
FDJ46,Haldiram's Sev (Classic)
FDR21,Kurkure Chanachur (Classic)
FDB59,Haldiram's Aloo Bhujia (Crunchy)
FDM58,Haldiram's Wafers (Family Pack)
FDI21,Britannia Bhujia (Classic)
FDM10,ITC Mixture (Classic)
FDP34,Bikano Chips (Crispy)
FDV10,Lays Bhujia (Masala)
FDY46,ITC Chips (Masala)
FDO46,Britannia Bhujia (Chatpata)
FDK22,Britannia Chanachur (Crunchy)
FDD58,Britannia Chips (Crunchy)
FDT21,Parle Wafers (Crispy)
FDX58,Haldiram's Papad (Tangy)
FDO09,Britannia Wafers (Spicy)
FDR33,Bikano Bhujia (Family Pack)
FDO57,Parle Namkeen (Crunchy)
FDO58,Parle Sev (Chatpata)
FDL22,Balaji Wafers Aloo Bhujia (Crunchy)
FDL21,Haldiram's Chanachur (Crispy)
FDW46,Parle Mixture (Family Pack)
FDU34,Bikano Wafers (Classic)
FDM46,Balaji Wafers Wafers (Chatpata)
FDR22,Lays Sev (Spicy)
FDC58,Parle Bhujia (Tangy)
FDU09,ITC Papad (Tangy)
FDJ34,Haldiram's Papad (Classic)
FDX46,Parle Aloo Bhujia (Spicy)
FDL10,Kurkure Wafers (Spicy)
FDN45,Bikano Aloo Bhujia (Tangy)
FDQ58,Balaji Wafers Wafers (Classic)
FDN22,Britannia Chips (Chatpata)
FDS58,Balaji Wafers Bhujia (Crispy)
FDM45,Bikano Chips (Spicy)
FDV22,Lays Bhujia (Chatpata)
FDO22,Haldiram's Bhujia (Tangy)
FDJ09,Parle Namkeen (Masala)
FDK21,Balaji Wafers Bhujia (Chatpata)
FDI58,Parle Namkeen (Tangy)
FDO21,ITC Mixture (Spicy)
FDH58,Haldiram's Papad (Family Pack)
FDB47,ITC Sev (Masala)
FDT10,Balaji Wafers Bhujia (Tangy)
FDA58,Kurkure Namkeen (Masala)
FDR10,Kurkure Namkeen (Chatpata)
FDY57,ITC Aloo Bhujia (Spicy)
FDL58,Britannia Chanachur (Spicy)
FDZ09,Kurkure Aloo Bhujia (Tangy)
FDZ57,Haldiram's Chips (Chatpata)
FDF10,Bikano Papad (Crunchy)
FDC22,ITC Namkeen (Spicy)
FDN46,Haldiram's Bhujia (Chatpata)
FDQ21,Balaji Wafers Namkeen (Family Pack)
FDA21,Haldiram's Wafers (Chatpata)
FDT45,Parle Sev (Crispy)
FDD34,Kurkure Papad (Classic)
FDS22,Bikano Bhujia (Chatpata)
FDV34,Lays Sev (Crispy)
FDM33,ITC Chanachur (Crispy)
FDQ46,Kurkure Wafers (Classic)
FDH46,Balaji Wafers Namkeen (Classic)
FDW58,ITC Namkeen (Chatpata)
FDU10,Kurkure Chips (Masala)
FDF22,Haldiram's Bhujia (Family Pack)
FDE34,Bikano Sev (Family Pack)
FDV58,Haldiram's Sev (Crispy)
FDM57,Parle Wafers (Chatpata)
FDV33,Parle Wafers (Family Pack)
FDR34,Kurkure Chips (Classic)
FDM09,Parle Sev (Family Pack)
FDA33,ITC Namkeen (Family Pack)
FDW33,Parle Chanachur (Masala)
FDP57,Balaji Wafers Bhujia (Classic)
FDI34,Lays Mixture (Masala)
FDR57,Britannia Chanachur (Family Pack)
FDY22,Lays Aloo Bhujia (Spicy)
FDW57,Balaji Wafers Sev (Chatpata)
FDG58,Britannia Namkeen (Masala)
FDT34,Parle Namkeen (Crispy)
FDW10,Bikano Chips (Classic)
FDK46,Lays Sev (Family Pack)
FDY58,Parle Aloo Bhujia (Family Pack)
FDD22,Haldiram's Mixture (Spicy)
FDT33,Lays Aloo Bhujia (Masala)
FDH22,Haldiram's Mixture (Family Pack)
FDB46,Lays Bhujia (Tangy)
FDA09,Haldiram's Chanachur (Chatpata)
FDZ46,Britannia Aloo Bhujia (Tangy)
FDB10,Lays Chanachur (Chatpata)
FDO33,Parle Chips (Crispy)
DRE60,Maaza Mango (Diet)
DRK12,Sprite Mango (Fresh Burst)
DRY23,PepsiCo Mango (Cooling)
DRB48,Fanta Apple (Fresh Burst)
DRN36,Maaza Lemon (Zero Sugar)
DRI37,Fanta Lime (Zero Sugar)
DRH25,Coca-Cola Lime (Fizzy)
DRD60,Coca-Cola Mango (Zero Sugar)
DRE12,Limca Lime (Diet)
DRK37,Thumbs Up Orange (Zero Sugar)
DRC36,Limca Cola (Sweet & Sour)
DRH01,Sprite Apple (Sweet & Sour)
DRH37,Limca Cola (Cooling)
DRH49,PepsiCo Lime (Fizzy)
DRE37,Maaza Grape (Fizzy)
DRM37,PepsiCo Mango (Fizzy)
DRG49,Thumbs Up Cola (Sparkling)
DRC25,Thumbs Up Grape (Fizzy)
DRK49,Coca-Cola Grape (Sweet & Sour)
DRF25,Maaza Lime (Diet)
DRJ24,Thumbs Up Lime (Fizzy)
DRG48,Sprite Lime (Cooling)
DRH13,Sprite Mango (Diet)
DRZ24,Thumbs Up Apple (Sparkling)
DRB25,Limca Mango (Sparkling)
DRD25,Fanta Orange (Fresh Burst)
DRL01,Limca Lemon (Fizzy)
DRA24,Coca-Cola Grape (Sparkling)
DRC01,Fanta Grape (Zero Sugar)
DRK13,Fanta Lemon (Sparkling)
DRG01,Maaza Orange (Cooling)
DRD24,Thumbs Up Apple (Zero Sugar)
DRM48,Sprite Lemon (Fizzy)
DRB01,Coca-Cola Cola (Diet)
DRI01,Fanta Grape (Fresh Burst)
DRZ11,PepsiCo Apple (Zero Sugar)
DRE49,Sprite Grape (Fizzy)
DRC49,PepsiCo Grape (Cooling)
DRF49,Fanta Cola (Fresh Burst)
DRJ37,Limca Apple (Diet)
DRD12,Thumbs Up Mango (Zero Sugar)
DRF01,Fanta Lemon (Fresh Burst)
DRE48,Thumbs Up Lemon (Cooling)
DRL37,Thumbs Up Orange (Fizzy)
DRA59,Coca-Cola Orange (Zero Sugar)
DRG36,Sprite Cola (Cooling)
DRF36,Limca Cola (Zero Sugar)
DRH36,Fanta Mango (Fizzy)
DRI25,Fanta Lemon (Diet)
DRG37,Maaza Mango (Fresh Burst)
DRD13,PepsiCo Orange (Sparkling)
DRE13,Limca Apple (Fizzy)
DRF37,PepsiCo Mango (Zero Sugar)
DRJ01,Thumbs Up Lemon (Fresh Burst)
DRL60,Coca-Cola Mango (Sweet & Sour)
DRE25,Coca-Cola Lemon (Fresh Burst)
DRG13,Maaza Apple (Fresh Burst)
DRJ13,Limca Cola (Diet)
DRI13,Limca Apple (Sweet & Sour)
DRA12,Fanta Mango (Diet)
DRD37,Coca-Cola Grape (Zero Sugar)
DRB13,Thumbs Up Lime (Sparkling)
DRM49,Coca-Cola Orange (Fresh Burst)
DRN37,Maaza Lemon (Sparkling)
DRG25,Sprite Lemon (Cooling)
DRF13,Coca-Cola Lemon (Fizzy)
DRJ49,Sprite Lemon (Fresh Burst)
DRI49,Fanta Grape (Sweet & Sour)
DRD49,Sprite Grape (Zero Sugar)
DRE01,Sprite Mango (Sparkling)
DRC12,Maaza Grape (Fresh Burst)
DRL49,Sprite Grape (Sparkling)
DRF60,Fanta Lime (Diet)
DRB24,Maaza Lime (Sweet & Sour)
DRK01,Sprite Lime (Fresh Burst)
DRJ25,Fanta Lime (Fizzy)
DRD01,Thumbs Up Apple (Diet)
DRC13,Maaza Cola (Zero Sugar)
DRF48,Thumbs Up Apple (Fresh Burst)
DRC24,Thumbs Up Orange (Cooling)
FDH35,ITC Rice (Organic)
FDC11,Aashirvaad Suji (Semolina) (Organic)
FDA34,Britannia Sabudana (Tapioca Pearls) (Fine Grain)
FDC35,Aashirvaad Suji (Semolina) (Fine Grain)
FDD59,Britannia Poha (Flattened Rice) (Coarse Grain)
FDB23,Pillsbury Rice Flour (Fine Grain)
FDG35,MTR Rice Flour (Coarse Grain)
FDC59,Britannia Sabudana (Tapioca Pearls) (Premium)
FDE11,Britannia Atta (Flour) (Whole Grain)
FDD35,MTR Sabudana (Tapioca Pearls) (Whole Grain)
FDE35,Suhana Atta (Flour) (Fine Grain)
FDB35,Suhana Sabudana (Tapioca Pearls) (Organic)
FDA22,Suhana Rice Flour (Fortified)
FDD11,Aashirvaad Poha (Flattened Rice) (Instant)
FDG59,Pillsbury Rice Flour (Fortified)
FDB11,ITC Suji (Semolina) (Fine Grain)
FDZ34,Aashirvaad Sabudana (Tapioca Pearls) (Instant)
FDE59,Pillsbury Rice (Fine Grain)
FDG47,MTR Atta (Flour) (Premium)
FDF47,ITC Rice Flour (Fine Grain)
FDE47,Suhana Maida (All-Purpose Flour) (Whole Grain)
FDH47,Dabur Sabudana (Tapioca Pearls) (Instant)
FDD47,ITC Suji (Semolina) (Instant)
FDF35,ITC Maida (All-Purpose Flour) (Organic)
FDI35,Aashirvaad Sabudana (Tapioca Pearls) (Organic)
FDE23,Aashirvaad Rice (Fine Grain)
FDD23,Suhana Rice (Premium)
FDF11,Suhana Atta (Flour) (Whole Grain)
FDF59,Pillsbury Rice Flour (Whole Grain)
FDC23,ITC Sabudana (Tapioca Pearls) (Fine Grain)
